{
  "database_analysis": {
    "total_products": 60,
    "categories": {
      "Ring": 15,
      "Pendant": 14,
      "Necklace": 11,
      "Earring": 10,
      "Bracelet": 10
    },
    "collections": {
      "NaN": 46,
      "Tribal Collection": 4,
      "Floral Collection": 3,
      "Sun": 3,
      "Cosmic Collection": 2,
      "Butterfly Collection": 1,
      "Paan Collection": 1
    },
    "high_value_products": [
      {
        "Product Name": "Vector Classic Tennis Necklace",
        "Category": "Necklace",
        "Price": 1265973.97,
        "Collection Name": NaN
      },
      {
        "Product Name": "Ivy Diamond Necklace",
        "Category": "Necklace",
        "Price": 1024606.3,
        "Collection Name": NaN
      },
      {
        "Product Name": "Celestial Cascade Diamond Necklace",
        "Category": "Necklace",
        "Price": 704761.82,
        "Collection Name": NaN
      },
      {
        "Product Name": "Classic Tennis Bracelet",
        "Category": "Bracelet",
        "Price": 628331.61,
        "Collection Name": NaN
      },
      {
        "Product Name": "Peace Enchantress Charms Necklace",
        "Category": "Necklace",
        "Price": 556016.68,
        "Collection Name": NaN
      },
      {
        "Product Name": "Meadow Graduation Necklace",
        "Category": "Necklace",
        "Price": 470722.14,
        "Collection Name": NaN
      },
      {
        "Product Name": "Ethereal Petal Drop Earrings",
        "Category": "Earring",
        "Price": 455910.5,
        "Collection Name": NaN
      },
      {
        "Product Name": "Sterling Diamond Bangle Bracelet",
        "Category": "Bracelet",
        "Price": 432449.71,
        "Collection Name": NaN
      },
      {
        "Product Name": "Ivy Necklace",
        "Category": "Necklace",
        "Price": 412208.73,
        "Collection Name": NaN
      },
      {
        "Product Name": "Poly Dazzle Diamond Tennis Bracelet",
        "Category": "Bracelet",
        "Price": 357003.21,
        "Collection Name": NaN
      }
    ]
  },
  "search_strategy": {
    "searchapi_integration": {
      "api_key": "ZgJMBGcnrRfdn4eieFb7cMFm",
      "base_url": "https://www.searchapi.io/api/v1/search",
      "engine": "bing_images",
      "purpose": "Fetch high-quality jewelry images for product visualization"
    },
    "category_search_queries": {
      "Earring": [
        "diamond earrings jewelry luxury",
        "elegant earrings diamond gold",
        "designer earrings luxury jewelry",
        "diamond stud earrings luxury",
        "chandelier diamond earrings",
        "halo diamond earrings elegant"
      ],
      "Ring": [
        "diamond ring engagement luxury",
        "luxury diamond ring jewelry",
        "designer diamond ring gold",
        "solitaire diamond ring elegant",
        "halo diamond ring luxury",
        "eternity diamond ring jewelry"
      ],
      "Pendant": [
        "diamond pendant necklace luxury",
        "elegant diamond pendant jewelry",
        "designer pendant diamond gold",
        "luxury pendant necklace diamond",
        "diamond drop pendant elegant",
        "halo diamond pendant jewelry"
      ],
      "Bracelet": [
        "diamond bracelet luxury jewelry",
        "tennis diamond bracelet elegant",
        "designer diamond bracelet gold",
        "luxury diamond bangle bracelet",
        "diamond tennis bracelet jewelry",
        "elegant diamond cuff bracelet"
      ],
      "Necklace": [
        "diamond necklace luxury jewelry",
        "elegant diamond necklace gold",
        "designer diamond necklace luxury",
        "tennis diamond necklace elegant",
        "diamond chain necklace jewelry",
        "luxury diamond choker necklace"
      ]
    },
    "collection_search_queries": {
      "Floral Collection": [
        "floral diamond jewelry elegant",
        "flower diamond earrings luxury",
        "nature inspired diamond jewelry",
        "botanical diamond ring jewelry",
        "petal diamond necklace elegant",
        "leaf diamond pendant luxury"
      ],
      "Tribal Collection": [
        "tribal diamond jewelry luxury",
        "ethnic diamond earrings elegant",
        "cultural diamond jewelry design",
        "geometric diamond ring tribal",
        "traditional diamond necklace luxury",
        "tribal pattern diamond jewelry"
      ],
      "Butterfly Collection": [
        "butterfly diamond jewelry elegant",
        "butterfly diamond pendant luxury",
        "insect inspired diamond jewelry",
        "nature butterfly diamond earrings",
        "delicate butterfly diamond ring",
        "artistic butterfly diamond necklace"
      ],
      "Cosmic Collection": [
        "cosmic diamond jewelry luxury",
        "star diamond earrings elegant",
        "celestial diamond jewelry design",
        "space inspired diamond ring",
        "galaxy diamond necklace luxury",
        "astronomical diamond pendant"
      ],
      "Sun": [
        "sun diamond jewelry luxury",
        "sunburst diamond earrings elegant",
        "radiant diamond jewelry design",
        "solar inspired diamond ring",
        "bright diamond necklace luxury",
        "sunshine diamond pendant jewelry"
      ],
      "Paan Collection": [
        "traditional paan diamond jewelry",
        "cultural diamond earrings luxury",
        "heritage diamond jewelry elegant",
        "ethnic paan diamond ring",
        "traditional diamond necklace design",
        "cultural diamond pendant jewelry"
      ]
    },
    "specific_product_searches": {
      "high_value_products": [
        "Vector Classic Tennis Necklace luxury diamond",
        "Ivy Diamond Necklace elegant luxury",
        "Classic Tennis Bracelet diamond jewelry",
        "Celestial Cascade Diamond Necklace luxury",
        "Sterling Diamond Bangle Bracelet elegant"
      ],
      "signature_pieces": [
        "Halo Spiral Diamond Earrings luxury",
        "Seraphine Leaf Diamond Ring floral",
        "Butterfly Whimsy Diamond Pendant elegant",
        "Aurora Crown Diamond Ring royal",
        "Ethereal Spiral Diamond Bracelet luxury"
      ]
    },
    "image_selection_criteria": {
      "quality_requirements": [
        "High resolution (minimum 800x800 pixels)",
        "Professional jewelry photography",
        "Clean white or neutral background",
        "Proper lighting showcasing diamond brilliance",
        "Multiple angles when available"
      ],
      "style_preferences": [
        "Luxury jewelry photography style",
        "Professional product photography",
        "Clean minimalist presentation",
        "Focus on jewelry details and craftsmanship",
        "Consistent lighting and composition"
      ],
      "filtering_criteria": [
        "Avoid watermarked images",
        "Prefer images from jewelry websites",
        "Select images with clear jewelry focus",
        "Prioritize professional photography",
        "Choose images matching luxury branding"
      ]
    },
    "fallback_image_system": {
      "primary": "SearchAPI Bing Images for real jewelry photos",
      "secondary": "Generated jewelry images using AI",
      "tertiary": "Professional placeholder designs with product names",
      "final": "Category-based elegant placeholders"
    }
  },
  "additional_apis": {
    "jewelry_specific_apis": [
      "Gemological Institute APIs for diamond certification data",
      "Jewelry industry databases for design inspiration",
      "Luxury brand APIs for style references",
      "Fashion photography APIs for lifestyle images"
    ],
    "enhanced_search_apis": [
      "Google Custom Search API for more diverse image sources",
      "Pinterest API for jewelry inspiration boards",
      "Instagram Basic Display API for jewelry fashion posts",
      "Shutterstock API for professional jewelry photography"
    ],
    "complementary_services": [
      "Color palette extraction APIs for jewelry styling",
      "Price comparison APIs for market positioning",
      "Trend analysis APIs for fashion forecasting",
      "User preference APIs for personalization"
    ]
  }
}